package	responsibility	disposition	replacement	production_loc	removable_loc	evidence	compatibility	verification	confidence
cmd/addref	CLI add-ref resolves a DRS URI or TSV manifest, validates source metadata, writes Git LFS reference pointers, and caches source DRS objects across configured Gen3/Terra remotes.	keep	No compatible upstream command; retain git-drs resolver/LFS/config orchestration and use upstream client.Client.DRS().GetObject for ordinary DRS lookups.	408	0	local cmd/addref/add-ref.go:33-110,168-286,322-410; call sites local cmd/root.go:56 and cmd/addref/add-ref.go:87,248,344-354,407; upstream client/services/drs_service.go:22-31 and client/client.go:102-145	The add-ref positional/manifest contract, source-host routing, Terra resolver, pointer authority metadata, and .git/drs persistence have no upstream command equivalent; upstream GetObject supplies normalized API errors but not Git integration.	green: go test ./cmd/addref ./cmd/addurl ./cmd/auth ./cmd/bucket ./cmd/copyrecords ./cmd/credentialhelper ./cmd/delete ./cmd/deleteproject ./cmd/ping ./cmd/query ./cmd/remote ./cmd/remote/add	 high
cmd/addurl	CLI add-url imports a provider URL/object key or recursive Globus selection into Git LFS pointers, pre-commit cache, and local DRS metadata, with remote inspection and optional manifest validation.	inline/merge	Keep the Git/LFS/Globus workflow; selectively consume upstream client/cloud.InspectObject, client/access authorization helpers, and client/services.IndexService.Upsert only if a separate server-record mode is intended.	1159	0	local cmd/addurl/main.go:13-50,run.go:46-158,inspect.go:24-67,globus_recursive.go:39-124,local_state.go:31-224; call sites local cmd/root.go:57 and cmd/addurl/main.go:23; upstream cmd/addurl/main.go:23-59, client/cloud/inspect.go:24-99, client/access/resources.go:26-38, client/services/index_service.go:158-232	Upstream add-url is a different CLI contract (--did/--url/--org) that upserts a server record; local add-url must preserve positional URL/key input, LFS pointer/cache writes, Globus recursion, and local metadata. Cloud inspection supports more providers upstream, while local server inspection intentionally supports only S3 at local cmd/addurl/inspect.go:29-47.	green: focused assigned-package go test	 high
SYMBOL:cmd/addurl/inspect.go	Remote object inspection maps /data/inspect responses into provider metadata and APIError-aware user messages.	keep	Retain server-backed inspect route; upstream client/cloud.InspectObject is a direct provider-side alternative, not a drop-in because local configured-bucket and remote-auth behavior differs.	121	0	local cmd/addurl/inspect.go:24-67,82-121 and call site local cmd/addurl/run.go:22,109; upstream client/cloud/inspect.go:60-99 and client/apierror/apierror.go:14-90	Local sends internalapi.InternalInspectObjectRequest and only accepts S3 in remote-backed mode; upstream InspectObject handles s3/gs/azblob/http metadata directly and requires cloud credentials, so replacing it would change auth and provider semantics.	green: focused assigned-package go test	 high
SYMBOL:cmd/addurl/local_state.go	Local-state helpers build/update .git/drs objects, placeholder OIDs, pre-commit mappings, safe pointer files, and LFS tracking.	keep	No upstream client equivalent; retain local drsobject/gitrepo/lfs/precommit_cache implementation.	281	0	local cmd/addurl/local_state.go:31-224 and call sites local cmd/addurl/run.go:130-154,cmd/addurl/globus_recursive.go:108-121; upstream client/client.go:196-217 exposes API services but no Git/LFS metadata store	The local filesystem and Git attributes side effects are the command's compatibility contract and are absent from upstream client/cloud, transfer, and services packages.	green: focused assigned-package go test	 high
SYMBOL:cmd/addurl/globus_recursive.go	Globus URL parsing, listing, wildcard matching, manifest comparison, and read-only tree safety implement recursive multi-file imports.	keep	No upstream Globus client/command replacement; retain internal/globusauth integration.	407	0	local cmd/addurl/globus_recursive.go:26-49,127-185,202-407 and call sites local cmd/addurl/run.go:65-72; upstream client/transfer/types.go:13-49 provides generic HTTP transfer interfaces but no Globus listing/auth	The Globus URL/manifest and multi-file destination contract has no upstream analogue; replacing with upstream HTTP transfer code would remove provider-specific behavior.	green: focused assigned-package go test	 high
cmd/auth	Hidden command group exposes Globus login, status, logout, and repeatable OAuth scopes for the transfer provider.	keep	No upstream cmd/auth or Globus authentication symbol; retain internal/globusauth.Login/Check/Logout.	67	0	local cmd/auth/main.go:5-11,globus.go:13-54; call sites local cmd/root.go:58 and cmd/addurl/globus_recursive.go:32,39-49; upstream client/transfer/types.go:13-49 has transfer interfaces only	The auth globus login/status/logout CLI and stored refresh-token behavior are outside the upstream client root/cloud/access/config/services/request/transfer API surface.	green: focused assigned-package go test	 high
cmd/bucket	CLI configures server bucket credentials and org/project scopes while persisting repository-local bucket mappings used by git-drs resolution.	inline/merge	Replace manual /data/buckets HTTP with client.Buckets().Put/AddScope/List/Delete/ListScopes/DeleteScope and construct clients through client.New/WithBearerToken or WithBasicAuth; retain gitrepo bucket mapping and remote credential resolution.	385	145	local cmd/bucket/main.go:97-225,228-359 and call sites local cmd/root.go:62,cmd/addurl/scope.go:10-26,internal/gitrepo/bucket_scope.go:16-72; upstream client/services/buckets_service.go:12-104,client/client.go:77-145	Upstream service methods normalize status/error handling and add list/remove operations, but upstream cmd/bucket/main.go:28-356 changes the CLI to bucket-first arguments and removes local mapping persistence. Preserve local --remote/--organization/--project/--path contract while migrating transport calls.	green: focused assigned-package go test	 high
SYMBOL:cmd/bucket/upsertServerBucket	Manual JSON PUT /data/buckets, bearer header, timeout, and status parsing duplicate the upstream bucket service.	replace/direct-import	client.Buckets().Put(ctx,bucketapi.PutBucketRequest) via client.NewClient; let client/request and apierror own auth/retry/error decoding.	35	35	local cmd/bucket/main.go:290-324 and call site local cmd/bucket/main.go:130-142; upstream client/services/buckets_service.go:31-40,client/request/transport.go:143-221,client/apierror/apierror.go:14-90	The local payload uses value fields while upstream bucketapi request uses pointer optionals; preserve CLI validation and map fields before calling Put. Upstream request transport also provides retry and refresh behavior absent from local http.Client.	green: focused assigned-package go test	 high
SYMBOL:cmd/bucket/addServerBucketScope	Manual JSON POST /data/buckets/{bucket}/scopes duplicates the upstream scope service.	replace/direct-import	client.Buckets().AddScope(ctx,bucket,bucketapi.AddBucketScopeRequest).	34	34	local cmd/bucket/main.go:326-359 and call site local cmd/bucket/main.go:214-220; upstream client/services/buckets_service.go:53-61	Preserve local scope path normalization and gitrepo.SetBucketMapping side effect; upstream AddScope accepts the wire request but does not write repository-local mappings.	green: focused assigned-package go test	 high
SYMBOL:cmd/bucket/addScope	Local validation, duplicate mapping guard, server scope write, and repository mapping persistence are git-drs-specific.	keep	Retain local cmd/bucket/main.go:178-225 and internal/gitrepo/bucket_map.go:32-105; call upstream BucketsService only for the server write.	48	0	local cmd/bucket/main.go:178-225 and call sites local cmd/bucket/main.go:160,174; upstream client/services/buckets_service.go:53-61	The --force duplicate guard and .git-drs/drs-policies mapping are not represented in upstream client/config or bucket service, so a whole-command replacement would break add-url/remote resolution.	green: focused assigned-package go test	 high
cmd/copyrecords	CLI copies metadata between configured Syfon remotes or local Git DRS metadata, paging source records, filtering LFS paths, merging conflicts, and bulk creating/overwriting records.	inline/merge	Keep local copy/reconcile/LFS logic; direct-import upstream client/services.IndexService.List for ordinary paging and continue using client.InternalAPI for bulk endpoints absent from the high-level service.	1412	31	local cmd/copyrecords/main.go:46-196,api.go:57-177,run.go:64-223,scan.go:47-282,merge.go:12-247,local_target.go:14-149; call sites local cmd/root.go:48,cmd/copyrecords/main.go:89,135; upstream client/services/index_service.go:20-156,client/client.go:205-209	No upstream copy-records command or high-level bulk hash/document/create/overwrite methods exists. The local @local sentinel, LFS reconstruction, checksum/DID reconciliation, overwrite retry, and CLI flags must remain; only the duplicated list adapter is a safe substitution.	green: focused assigned-package go test	 high
SYMBOL:cmd/copyrecords/rawIndexAPI.List	Raw list adapter rebuilds InternalListParams and decodes records exactly like the upstream IndexService.List.	replace/direct-import	client.Index().List(ctx,services.ListRecordsOptions), converting the response to local copyRecord where needed.	31	31	local cmd/copyrecords/api.go:73-103 and call site local cmd/copyrecords/scan.go:47-60; upstream client/services/index_service.go:126-156,client/client.go:198-205	The request options and cursor/page precedence match upstream, but response conversion into the local copyRecord shape remains necessary for merge logic.	green: focused assigned-package go test	 high
SYMBOL:cmd/copyrecords/rawIndexAPI.Bulk*	BulkDocuments/BulkHashes/BulkCreate/BulkOverwrite call generated internalapi endpoints and translate wire records/errors.	keep	No high-level upstream replacement; use client.Client.InternalAPI() (or add upstream service wrappers in a separate API change).	73	0	local cmd/copyrecords/api.go:105-177 and call sites local cmd/copyrecords/merge.go:38-60,run.go:136-155; upstream client/services/index_service.go:45-123,client/client.go:205-209	Upstream IndexService exposes Get/Create/Update/Delete/DeleteByQuery but no bulk document/hash/create/overwrite methods, so deleting this adapter would remove required copy semantics.	green: focused assigned-package go test	 high
SYMBOL:cmd/copyrecords/merge+local	Conflict merge, scope rewriting, local LFS inventory, and local DRS object writes are git-drs behavior with no upstream command equivalent.	keep	Retain cmd/copyrecords/merge.go:12-247,scan.go:72-282,local_target.go:14-149 and internal Git/LFS helpers.	760	0	local cmd/copyrecords/run.go:64-223,merge.go:12-247,scan.go:72-282,local_target.go:14-149; call sites local cmd/copyrecords/main.go:81-172; upstream client/services/index_service.go:158-232 has only single-record Upsert	The upstream Upsert does not model batch reconciliation, @local targets, controlled-access merge, or LFS-derived records; wholesale replacement is incompatible.	green: focused assigned-package go test	 high
cmd/credentialhelper	Hidden Git credential-helper bridge reads protocol input, matches the configured remote host, emits basic/token credentials, refreshes profiles, and synchronizes the LFS URL.	keep	Retain Git credential protocol and repo-local helper; optionally reuse upstream client/config.Manager for profile load/save and client/request.AuthTransport only for API clients.	174	0	local cmd/credentialhelper/main.go:20-105,114-174; call sites local git-drs.go:20-29 and internal/gitrepo/lfs_auth.go:64-113; upstream client/config/config.go:48-70,82-216,289-336 and client/request/auth.go:124-163	The !git drs credential-helper subprocess contract and repo-local token/basic-auth precedence are unique. Upstream config Manager matches profile persistence, while AuthTransport injects credentials into HTTP requests but does not implement Git's stdin/stdout protocol.	green: focused assigned-package go test	 high
cmd/delete	Hidden SHA-256 delete command resolves matching records, displays confirmation, then bulk-deletes matching hashes through generated internal API.	inline/merge	Retain CLI/scope preview; consider replacing deleteByHash with client.Index().DeleteByQuery using Organization/ProjectID/Hash/HashType, but verify whether the current bulk-hash endpoint intentionally deletes beyond scope.	184	25	local cmd/delete/main.go:29-139 and call sites local cmd/root.go:59,cmd/delete/main.go:62,113,123-139; upstream client/services/index_service.go:30-110 and client/services/drs_service.go:33-45,internal/transfer/delete_reconcile.go:88	Upstream DeleteByQuery provides typed hash/scope options and APIError handling, while current InternalBulkDeleteHashesWithResponse sends only hashes; changing it may narrow deletion scope. DRSService.DeleteObject is per-DID and cannot replace hash-wide deletion.	green: focused assigned-package go test	 high
cmd/deleteproject	CLI deletes all records for a project after interactive confirmation and uses remote Index.DeleteByQuery.	replace/direct-import	Adopt upstream cmd/deleteproject/main.go:11-46 and client.Buckets().DeleteProjectData (client/services/buckets_service.go:94-104).	168	160	local cmd/deleteproject/main.go:24-123 and call site local cmd/root.go:60; upstream cmd/deleteproject/main.go:11-44,client/services/buckets_service.go:94-104	CLI contract changes from hidden delete-project <project_id> plus --remote/--confirm to visible exact organization/project; upstream atomically reports record and project-bucket-scope removals. Preserve a compatibility alias/confirmation only if existing scripts require it.	green: focused assigned-package go test	 high
cmd/ping	CLI reports effective Git remote/auth/storage status, checks health, validates visible bucket and project access, and queries Terra service-info for read-only remotes.	inline/merge	Use client.Health().Ping, client.Index().List, client.Buckets().List, and client/access normalization for API calls; retain remote status rendering, Terra service-info, and ping [remote-name] compatibility unless intentionally adopting upstream cmd/ping.	309	8	local cmd/ping/main.go:37-101,105-221,224-309 and call sites local cmd/root.go:45,cmd/ping/main.go:42,210,270; upstream cmd/ping/main.go:10-27,client/services/health_service.go:15-44,client/services/index_service.go:126-156,client/services/buckets_service.go:20-28	Upstream ping only resolves a server URL and calls Health().Ping, dropping local remote metadata, scope access, bucket matching, and Terra service-info. Its command contract is ping with no positional remote; preserving git-drs output requires a merge rather than wholesale replacement.	green: focused assigned-package go test	 high
SYMBOL:cmd/ping/pingHealth	Health probing is wrapped with a Terra read-only service-info special case and the upstream health service for normal remotes.	replace/direct-import	Use client.Health().Ping for normal remotes; retain Terra service-info branch because upstream HealthService only checks /healthz.	8	8	local cmd/ping/main.go:37-43 and call site local cmd/ping/main.go:73-80; upstream cmd/ping/main.go:18-25,client/services/health_service.go:24-44	The normal path is a direct upstream match, but replacing the read-only Terra branch would remove service-info output and alter Terra compatibility.	green: focused assigned-package go test	 high
SYMBOL:cmd/ping/checkScopeAccess	Scope check combines client.Buckets().List/resource normalization with client.Index().List and local configured-bucket consistency checks.	keep	Retain local scope/access policy; reuse upstream client/access.ResourcePath/NormalizeAccessResource and service methods already exposed by Client.	41	0	local cmd/ping/main.go:181-221,269-309 and call sites local cmd/ping/main.go:82,199-210; upstream client/access/resources.go:9-23,97-167,client/services/buckets_service.go:20-28,client/services/index_service.go:126-156	No upstream command performs this three-way local/server scope validation; upstream APIs supply primitives only. The local map iteration is nondeterministic at lines 296-307, unlike sorted upstream bucket command output at upstream cmd/bucket/main.go:202-207.	green: focused assigned-package go test	 high
cmd/query	CLI queries one DRS object by ID or SHA-256 checksum within the configured remote scope and prints compact/pretty JSON.	keep	Retain Git remote selection and DRS-object rendering; use client.DRS().GetObject and, if suitable, client.Index().List for scoped hash queries, while preserving lookup.ObjectsByHashForScope for DRS conversion.	118	0	local cmd/query/main.go:22-110 and call sites local cmd/root.go:61,cmd/query/main.go:94,106; local internal/lookup/lookup.go:54-110,161-190; upstream client/services/drs_service.go:22-31,client/services/index_service.go:126-156,client/hash/hash.go:157-199	Upstream DRSService.GetObject matches the ID path, but no GetObjectsByChecksum high-level symbol exists despite local error text; IndexService.List returns internal records, so replacing lookup would risk DRS checksum/access/scope conversion and output changes.	green: focused assigned-package go test	 high
cmd/remote	Git-specific remote command group lists, sets, and removes typed remotes and persists the default in repository config.	keep	Retain internal/config typed remote model and git-repo persistence; upstream client.Config is per-server HTTP/auth configuration, not a replacement for repository remotes.	222	0	local cmd/remote/root.go:8-18,list.go:21-84,set.go:11-54,remove.go:12-63 and call site local cmd/root.go:50; local internal/config/config.go:147-196,508-678; upstream client/client.go:26-145 and client/config/config.go:32-70,82-216	The local CLI supports Gen3/local/Terra/generic providers, default remote repair, shared-policy protection, and Git config. Upstream config only stores Gen3 credential profiles and client.Config only builds one authenticated HTTP client.	green: focused assigned-package go test	 high
cmd/remote/add	Remote-add subcommands configure unified/Gen3/local/Terra remotes, resolve server-visible bucket scopes, persist Git LFS/auth settings, and expose a programmatic Gen3 setup API.	inline/merge	Retain repository remote/config/preset/LFS wiring; replace manual server bucket GETs with client.New plus client.Buckets().List and reuse client/access resource helpers; reuse client/config.Manager only where profile semantics match.	760	65	local cmd/remote/add/init.go:17-54,unified.go:22-156,gen3.go:19-144,local.go:15-62,terra.go:14-60,persist.go:11-79,bucket_lookup.go:16-147,api.go:5-31; call sites local cmd/remote/root.go:15-18,cmd/remote/add/init.go:37-52,cmd/remote/add/api.go:18; upstream client/client.go:77-145,client/services/buckets_service.go:20-28,client/access/resources.go:9-38,client/config/config.go:32-70	No upstream remote-add command persists Git remotes, presets, LFS URL/helper, checkout mode, or typed Terra/Gen3 adapters. Only API bucket lookup/auth/profile pieces overlap, and upstream client.Config does not model local repository remotes.	green: focused assigned-package go test	 high
SYMBOL:cmd/remote/add/resolveBucketScopeFromServer+LocalServer	Manual authenticated GET /data/buckets and JSON decode select a bucket by normalized org/project resource.	replace/direct-import	Use client.Buckets().List with client.WithBearerToken or WithBasicAuth, then retain local chooseVisibleBucket/ResolvedBucketScope logic.	59	59	local cmd/remote/add/bucket_lookup.go:16-147 and call sites local cmd/remote/add/local.go:35-40,gen3.go:122-128; upstream client/client.go:77-145,client/services/buckets_service.go:20-28,client/access/resources.go:9-38	Upstream service handles generated response/APIError and auth transport/retry; local preference/multiple-match errors and repository mapping remain necessary. Basic-auth and bearer client options differ from the current raw header/SetBasicAuth paths but preserve supported modes.	green: focused assigned-package go test	 high
SYMBOL:cmd/remote/add/persist+configureRepoRemote	Persistence writes typed git-drs remote config, Git LFS URL, credential helper, and checkout/smudge settings.	keep	No upstream replacement; retain local config.UpdateRemote and gitrepo.SetRemoteLFSURL/ConfigureCredentialHelperForRepo.	143	0	local cmd/remote/add/persist.go:11-79,unified.go:86-115 and call sites local cmd/remote/add/local.go:47-58,gen3.go:135-142; upstream client/client.go:26-58 only defines HTTP client Config	These repository and Git credential side effects are outside upstream client/config and cannot be removed without breaking clone/push/pull behavior.	green: focused assigned-package go test	 high
