candidate	verdict	prod_lines	test_lines	evidence	risk	verification
internal/transfer/delete_reconcile.go plus delete_git_history.go	DELETE_AFTER_MOVING_REFUPDATE	238 net; 242 files minus 4-line RefUpdate	254	The only repository references to ReconcileCommittedDeletes, DeleteSummary, collectLivePathsByOID, collectDeletedPointers, deletedPointer, deletedPaths, and isZeroSHA are the two production files and delete_reconcile_test.go. cmd/push/main.go uses RefUpdate only to compute push discovery, and calls BatchSyncForPushWithSummary rather than reconciliation. The tests assert DeleteObject with delete_storage_data=true, which belongs to Gecko/Syfon storage audits under the settled ownership decision.	Medium. Move RefUpdate into push.go or a small live types file first, then remove the destructive tests and their helpers. Check downstream users of the internal package before deleting exported symbols.	rtk rg found no live reconciler caller. Focused non-network transfer tests passed 17/17. Reconciliation tests could not start httptest servers because the sandbox denied IPv6 bind.
internal/transfer/BatchSyncForPush	DELETE	4	0	The wrapper at internal/transfer/push.go:61-64 only delegates to BatchSyncForPushWithSummary. rg found the declaration and no callers anywhere in the repository.	Low. It is exported from an internal package, so check any external in-tree module consumers before removal.	The live summary API is exercised by push tests; targeted transfer tests passed 17/17.
internal/transfer download-probe path	DELETE_AND_SIMPLIFY	57	0	ProbeURL, newDownloadProbe, probeDownloadURL, and isFileDownloadable are private. uploadFileForObject is called only at push.go:708 and 723, both with skipIfDownloadable=false, so lines 166-176 never execute. Remove the field, probe functions, branch, net/http import, and the unused boolean argument. Update three untracked push_runtime_test call sites to the new signature.	Low. The skipped-upload behavior is already unreachable in this repository; preserve upload and metadata behavior while changing the debug message that says the file is not downloadable.	Targeted upload and access tests passed 17/17; no test references ProbeURL or the probe functions.
internal/transfer selectAccessMethod/selectAccessMethodWithPolicy/accessMethodReadiness	DELETE	44	105	The selector functions and readiness helper are private and referenced only by access_test.go. Production planning goes through planAccessURL, which uses orderedAccessMethods, accessURLForMethod, and resolvedAccessReadiness. accessMethodRank remains live through orderedAccessMethods.	Low. Removing the tests drops coverage for a dead preliminary path, not for production planning. Check no downstream code reaches the internal package through a same-parent module.	Targeted TestPlanAccessURL, TestAccessMethod, and TestBulkAccessRequest tests passed 17/17.
internal/lfs.GetLfsFilesForRefPaths plus uniquePaths	DELETE_IF_INTERNAL_API	43	80	GetLfsFilesForRefPaths has no production caller; the only calls are the two tests at inventory_test.go:42 and 90. uniquePaths is used only by that function. addFilesFromPaths remains live through GetLfsFilesForRefs and GetReachablePointerFilesForRef, so this deletion does not remove the historical scanner.	Medium. The function is exported despite living under internal, so confirm no external github.com/calypr consumer. Removing it requires deleting its two tests, not the shared batch blob reader.	The focused lfs suite passed before deletion. The source scan found no production caller.
internal/lfs.GetWorktreeLfsFiles	DELETE_IF_INTERNAL_API	40	58	GetWorktreeLfsFiles is called only by its inventory_test.go test. Production callers use GetTrackedLfsFiles at cmd/pull, cmd/lsfiles, cmd/copyrecords, and cmd/rm, which preserves hydrated files by reading the index. listTrackedWorktreeFiles is shared and must remain.	Medium. It is an exported internal symbol and the old comment claims interactive use that no current command has. Confirm no external consumer before deleting the old scanner and its test.	The focused lfs suite passed before deletion; current production call-site scan found none.
internal/lfs.CreateLfsPointer plus CreateLfsPointerWithOID	DELETE_IF_INTERNAL_API	24	31	No production code calls either SHA256-pointer writer. The only calls are three tests in cmd/addref/add-ref_test.go:24-54. addref production uses CreateDRSPointer at add-ref.go:301, which is the current DRS URI pointer path.	Medium. Confirm no external consumer of the exported internal helpers. Deleting the stale SHA256 writers does not affect CreateDRSPointer or pointer parsing.	The focused lfs and addref suites passed before deletion; rg found no production caller.
internal/transfer.DownloadToPath	KEEP	0	0	client/client.go:166 calls this public client-library path. It resolves a scoped DRS object and delegates to the Syfon download engine with non-cache destination options. Static dead-code output would be a false positive here.	None for deletion. Keep the non-cache API separate from Git-LFS cache downloads.	The source call site is direct and production-owned; no deletion should proceed.
internal/transfer.downloadResolved	KEEP_FOR_NOW	0	0	The private wrapper has one caller in DownloadResolvedToCachePath, but it names the cache-specific default Syfon download options and keeps that path distinct from DownloadToPath. It is reachable and not duplicate behavior.	Low. Inline only during a broader transfer readability change; deletion would save about three lines and make option selection less named.	Download code is covered by the focused transfer tests; no dead caller evidence.
internal/remoteruntime and cmd/remote/add bucket matching	CONSOLIDATE_LATER	0 immediate; about 40 duplicated matching lines	0	The same payload-to-resource matching loop exists in internal/remoteruntime/bucket_lookup.go, cmd/remote/add/bucket_lookup.go, and cmd/ping/main.go. They differ in client construction, project-to-organization fallback, preferred-bucket handling, sorting and compaction, and error text. cmd/ping also returns map iteration order. This is real duplication, but deleting one implementation now would change behavior.	Medium. A shared helper could reduce physical lines, but define ordering, preferred selection, fallback, and error contracts first and add focused tests for all three callers.	Existing remoteruntime and remote/add tests cover their own contracts. Source inspection found the ping copy at main.go:290-312.
internal/config.getRepo	INLINE	4	0	getRepo is a four-line private wrapper around gitrepo.GetRepo and has exactly four callers in config.go: UpdateRemote, LoadConfig, CreateEmptyConfig, and SaveConfig. gitrepo is already imported, so direct calls remove a layer without changing behavior.	Low. Mechanical replacement only. Keep gitrepo.GetRepo itself as the shared repository boundary.	Focused config tests passed in the non-network suite.
internal/drslog detailed call-by-call comment blocks	CONDENSE_COMMENTS	120 comment lines	0	logger.go contains 13 verbose Documented calls inside blocks. They restate obvious standard-library calls, and some are stale, including references to projectdir.DRS_DIR while code uses gitrepo.DRSDir. Retain concise API behavior docs and remove the call-by-call narration.	Low runtime risk, but preserve public function summaries and behavior notes. This is physical-line reduction, not executable-code deletion.	Focused drslog tests passed in the non-network suite; comments have no runtime effect.
internal/lookup	KEEP	0	0	MissingSHA256ForScope, scoped and unscoped batch lookups, record conversion, and scope matching all have production callers in push, pull, query, delete, ls-files, client, and transfer. One-item wrappers are part of those caller-facing APIs.	None supported for deletion. Preserve 404 fallback and checksum normalization contracts.	Focused lookup tests passed.
internal/remoteruntime runtime	KEEP	0	0	New, credential validation, bucket discovery, and capability methods have production callers across push, pull, filter, smudge, addref, addurl, copyrecords, delete, ls-files, ping, query, and client paths. The Gen3-to-local conversion is compatibility behavior.	None supported for deletion. Bucket matching is the only consolidation candidate and needs a contract-preserving helper.	Focused remoteruntime tests pass except the httptest IPv6 bind failure in the scope-only bucket test.
internal/resolver.NewAnVILWithClient	KEEP_TEST_SEAM	0	0	Production commands use NewAnVIL for ADC authentication. Resolver contract tests use NewAnVILWithClient to inject httptest clients and test endpoint, access, auth, URI, and download behavior without credentials. Removing it would force weaker tests or a new injection design.	Low. It is exported from an internal package, so retain unless an explicit test injection redesign is made.	Resolver contract tests are currently blocked before execution by sandbox IPv6 bind; source call sites and test usage are direct.
internal/globusauth	KEEP	0	0	Login, logout, readiness, token persistence, SubmitTransfer, SubmitTransferItems, ListFiles, StatFile, and WaitForTask have command, recursive add-url, or transfer callers. SubmitTransfer is a one-item convenience method but transfer/globus.go uses it directly.	None supported for deletion. Preserve token-file permissions, scope composition, pagination, and retry behavior.	Source call-site scan found all methods live; the transfer API test is blocked only by httptest IPv6 bind.
internal/lfs history versus inventory scanners	KEEP_BOTH	0	0	GetReachablePointerFilesForRef reads committed Git objects and is used by push. GetTrackedLfsFiles reads Git attributes and falls back from hydrated worktree content to index pointers for pull, ls-files, copyrecords, and rm. They answer different questions and are not duplicates.	None. Merging them would break hydrated-worktree and historical-ref behavior.	Focused lfs tests passed.
internal/gitrepo, internal/filter, internal/drsobject, internal/precommit_cache	KEEP	0	0	The source and call-site review found no uncalled production helper or safe duplicate deletion in these four packages. Their persisted Git config, filter protocol, DRS identity, and pre-commit cache formats are compatibility boundaries.	None supported for deletion in this audit wave.	Focused non-network package tests passed.
