package	finding	disposition	production_loc	test_loc	evidence	compatibility_constraints	confidence
cmd/copyrecords	copyProjectRecords wrapper	Delete after migrating its one test caller to copyProjectRecordsWithOptions; the wrapper adds no behavior.	3 physical lines	0 reduction; TestLocalIndexAPI_MergesByChecksumAndWritesLocalDRSObject needs one extra false argument	cmd/copyrecords/run.go:24-26 has no production callers; rg finds only cmd/copyrecords/main_test.go:644-646. main.go:162 calls copyProjectRecordsWithOptions directly.	Keep copyProjectRecordsWithOptions and its local-target merge behavior unchanged.	high
cmd/copyrecords	copyProjectRecordsFromSourceIndex and copyProjectRecordsFromSourceIndexWithOptions wrappers	Delete both wrappers. The first is only a test seam, and the second is only called by the first, so the original audit missed one dead three-line wrapper.	6 physical lines	0 reduction; migrate main_test.go:307 to copyProjectRecordsFromSourceIndexWithFilter(..., false, false, nil)	run.go:56-61 are unreferenced except by the test-only call to the first wrapper; main.go:132 calls the filter variant directly.	Preserve cursor paging and filtered/unfiltered behavior in copyProjectRecordsFromSourceIndexWithFilter.	high
cmd/copyrecords	reconcileCopyBatch wrapper	Delete.	3 physical lines		No callers in production or tests; run.go:130-132 only forwards to reconcileCopyBatchWithOptions.	Keep reconcileCopyBatchWithOptions, including overwrite and 413 behavior.	high
cmd/copyrecords	recordHasControlledAccess	Delete. This is dead code, not a test-only seam.	11 physical lines		0; rg finds no Go caller. The coverage/summary.txt entry is stale coverage output, not a source call site.	scan.go:272-282 has no callers and is unrelated to the active rewriteCopyRecordScope path at scan.go:236-249.	high
cmd/copyrecords	localIndexAPI no-op List and BulkDocuments methods	Keep. They look removable because local targets do not list, but indexAPI requires both methods and merge.go:38 calls BulkDocuments for remote targets. Removing them would require splitting the interface or adding a second target path, not a deletion.	0	0	api.go:57-63 defines the contract; local_target.go:16-22 satisfies it; merge.go:38 calls BulkDocuments.	Do not change the indexAPI contract as part of the LOC cleanup.	high
cmd/addurl	errorAsResponse wrapper	Inline into mapInspectError or delete after changing its one caller. It only returns errors.As and has no injection or domain behavior.	3 physical lines	0; no test calls the wrapper directly	addurl/inspect.go:84 calls it once; inspect.go:119-121 is exactly return errors.As(err, target). The errors import remains after inlining.	Preserve the existing APIError mapping and route-missing messages.	high
cmd/addurl	firstNonEmpty helper	Keep for now. It duplicates internal/precommit_cache.firstNonEmpty, but that helper is unexported in another package. Exporting and importing it would add coupling and likely erase the LOC savings.	0	0	addurl/input.go:97-106 is used four times by run.go:101-105; precommit_cache/helpers.go:227 is private and serves cache decoding/update code.	A shared helper would need an explicit package ownership decision; do not move it opportunistically.	high
cmd/addref	createAddRefPointer wrapper	Optional inline candidate, not dead. lfs.CreateDRSPointer already owns the source-URI contract, so direct calls would remove the three-line forwarding function. Keep or move the explanatory comment with the call sites.	3 physical lines	Tests can call lfs.CreateDRSPointer directly or retain one behavior test at the canonical helper	add-ref.go:300-302 only forwards to lfs.CreateDRSPointer; production callers are add-ref.go:102 and :274. internal/lfs/inventory.go:637-653 contains the actual source-URI behavior.	Do not replace CreateDRSPointer with checksum-only pointer creation; source DRS URI must remain in the pointer.	medium
cmd/delete	duplicate confirmation/display helpers	No immediate deletion. The four helpers at delete/main.go:147-184 are byte-for-byte duplicates of deleteproject/main.go:131-168, so a shared internal command-output helper could remove about 39 physical lines net after adding one shared implementation. Treat this as a separate refactor because these are destructive commands and deleteproject has no tests.	~39 net physical lines if shared	Would require adding deleteproject tests and preserving caseSensitive behavior	Both commands are registered in cmd/root.go and have live callers. Their confirmation semantics differ at the call sites: delete accepts case-insensitive yes, deleteproject requires the exact project ID.	Keep both command contracts until a shared helper has focused output/confirmation tests.	medium
cmd/deleteproject	lack of tests	Coverage gap, not a deletion signal. The command is registered and its RunE performs a real scoped DeleteByQuery.	0	Add focused tests before changing shared confirmation code	cmd/root.go registers deleteproject.Cmd; deleteproject/main.go:24-124 performs config, preview, confirmation, and deletion.	Do not remove or merge this command because it is hidden or currently untested.	high
cmd/bucket	addServerBucketScope manual transport	Replace candidate: Syfon client v0.3.8 exposes Buckets().AddScope, which matches the POST endpoint, status handling, and AddBucketScopeRequest fields. The first audit incorrectly treated this as necessarily manual.	Approximately 35 production lines plus the local scope payload type/imports, subject to the client construction needed for bearer auth	Focused command tests currently cover only path parsing, so add transport tests before deletion	cmd/bucket/main.go:214-220 calls addServerBucketScope; main.go:326-360 manually recreates JSON, auth headers, timeout, and status handling. Syfon client@v0.3.8/services/buckets_service.go:53-61 implements the same operation; apigen bucketapi defines AddBucketScopeRequest.	Preserve endpoint, bearer token, accepted 200/201 status behavior, and local Git bucket mapping. The shared client must use the resolved endpoint/token.	high
cmd/bucket	upsertServerBucket manual transport	Partial replacement candidate, not yet a direct Buckets().Put substitution. Syfon generated PutBucketRequest includes Organization and ProjectId, contrary to the first audit, but the git-drs bucket add command intentionally sends credential-only JSON without those fields. Use generated BucketAPI transport or confirm empty scope fields are accepted before changing behavior.	Approximately 35 production lines are transport code; exact safe deletion depends on preserving credential-only payload semantics	No current HTTP tests in cmd/bucket	cmd/bucket/main.go:39-45 defines credential-only payload and :290-324 manually sends PUT /data/buckets. Syfon apigen@v0.3.4 has PutBucketRequest with Organization and ProjectId at bucketapi/bucket.gen.go:65-87; client@v0.3.8 Buckets().Put exists at services/buckets_service.go:31-39.	Do not add empty organization/project fields without verifying the server contract. Preserve omitted fields, auth, timeout, status handling, and error text as needed.	medium
cmd/addref	package-level disposition	No confirmed dead production code beyond the optional wrapper inline. The command has two live flows and source-authority routing; tests exercise pointer metadata, manifests, and remote selection.	0 confirmed deletion	0	cmd/root.go registers Cmd; add-ref.go:46-112 handles single references and :161-287 handles manifests.	Preserve source URI, local OID derivation, remote routing, manifest all-before-write behavior, and hidden deprecated flags.	high
cmd/addurl	package-level disposition	No confirmed dead production code beyond errorAsResponse. Globus discovery and remote-backed S3 inspection are separate live flows, not duplicate implementations.	3 physical lines confirmed candidate	0	run.go:50-159 dispatches both flows; globus_recursive.go and inspect.go have distinct provider contracts.	Preserve no-upload metadata behavior, placeholder OID formula, Globus wildcard/manifest validation, and remote inspect error mapping.	high
cmd/query	package-level disposition	Keep. The command is registered and both ID and checksum modes are live; helpers have direct command-path callers or focused tests.	0	0	cmd/root.go registers query.Cmd; query/main.go:22-112 dispatches both modes.	Preserve SHA256-only checksum validation and compact/pretty output.	high
cmd/bucket	package-level disposition	Do not delete the package. The cleanup target is transport duplication, not command behavior or local scope persistence.	At least 35 production lines are a Syfon client replacement candidate; credential PUT needs contract verification	0	cmd/root.go registers bucket.Cmd; bucket/main.go:92-225 owns three user-facing setup commands and local mapping persistence.	Preserve bucket URL validation, force overwrite guard, token/credential resolution, server writes, and .git mapping persistence.	medium
